{
  "2025": {
    "description": "2025년 주간 RSI 데이터",
    "weeks": [
      {
        "start": "2025-07-21",
        "end": "2025-07-25",
        "week": 30,
        "rsi": 88.41
      },
      {
        "start": "2025-07-28",
        "end": "2025-08-01",
        "week": 31,
        "rsi": 85.11
      },
      {
        "start": "2025-08-04",
        "end": "2025-08-08",
        "week": 32,
        "rsi": 78.34
      },
      {
        "start": "2025-08-11",
        "end": "2025-08-15",
        "week": 33,
        "rsi": 80.3
      },
      {
        "start": "2025-08-18",
        "end": "2025-08-22",
        "week": 34,
        "rsi": 66.11
      },
      {
        "start": "2025-08-25",
        "end": "2025-08-29",
        "week": 35,
        "rsi": 79.81
      },
      {
        "start": "2025-09-01",
        "end": "2025-09-05",
        "week": 36,
        "rsi": 76.67
      },
      {
        "start": "2025-09-08",
        "end": "2025-09-12",
        "week": 37,
        "rsi": 76.23
      },
      {
        "start": "2025-09-15",
        "end": "2025-09-19",
        "week": 38,
        "rsi": 80.65
      },
      {
        "start": "2025-09-22",
        "end": "2025-09-26",
        "week": 39,
        "rsi": 77.51
      },
      {
        "start": "2025-09-29",
        "end": "2025-10-03",
        "week": 40,
        "rsi": 76.86
      },
      {
        "start": "2025-10-06",
        "end": "2025-10-10",
        "week": 41,
        "rsi": 74.81
      }
    ]
  },
  "metadata": {
    "last_updated": "2025-10-08",
    "total_years": 1,
    "total_weeks": 12,
    "description": "QQQ 주간 RSI 참조 데이터 (14주 Wilder's RSI)"
  }
}