{
  "2010": {
    "description": "2010년 주간 RSI 데이터",
    "weeks": [
      {"start": "2010-01-04", "end": "2010-01-08", "week": 1, "rsi": 74.42},
      {"start": "2010-01-11", "end": "2010-01-15", "week": 2, "rsi": 65.73},
      {"start": "2010-01-19", "end": "2010-01-22", "week": 3, "rsi": 55.70},
      {"start": "2010-01-25", "end": "2010-01-29", "week": 4, "rsi": 48.70},
      {"start": "2010-02-01", "end": "2010-02-05", "week": 5, "rsi": 59.07},
      {"start": "2010-02-08", "end": "2010-02-12", "week": 6, "rsi": 55.64},
      {"start": "2010-02-16", "end": "2010-02-19", "week": 7, "rsi": 54.12},
      {"start": "2010-02-22", "end": "2010-02-26", "week": 8, "rsi": 56.99},
      {"start": "2010-03-01", "end": "2010-03-05", "week": 9, "rsi": 63.26},
      {"start": "2010-03-08", "end": "2010-03-12", "week": 10, "rsi": 64.26},
      {"start": "2010-03-15", "end": "2010-03-19", "week": 11, "rsi": 64.63},
      {"start": "2010-03-22", "end": "2010-03-26", "week": 12, "rsi": 65.18},
      {"start": "2010-03-29", "end": "2010-04-01", "week": 13, "rsi": 60.58},
      {"start": "2010-04-05", "end": "2010-04-09", "week": 14, "rsi": 64.99},
      {"start": "2010-04-12", "end": "2010-04-16", "week": 15, "rsi": 64.00},
      {"start": "2010-04-19", "end": "2010-04-23", "week": 16, "rsi": 71.36},
      {"start": "2010-04-26", "end": "2010-04-30", "week": 17, "rsi": 74.14},
      {"start": "2010-05-03", "end": "2010-05-07", "week": 18, "rsi": 60.09},
      {"start": "2010-05-10", "end": "2010-05-14", "week": 19, "rsi": 63.80},
      {"start": "2010-05-17", "end": "2010-05-21", "week": 20, "rsi": 53.46},
      {"start": "2010-05-24", "end": "2010-05-28", "week": 21, "rsi": 52.51},
      {"start": "2010-06-01", "end": "2010-06-04", "week": 22, "rsi": 51.05},
      {"start": "2010-06-07", "end": "2010-06-11", "week": 23, "rsi": 46.75},
      {"start": "2010-06-14", "end": "2010-06-18", "week": 24, "rsi": 48.80},
      {"start": "2010-06-21", "end": "2010-06-25", "week": 25, "rsi": 43.34},
      {"start": "2010-06-28", "end": "2010-07-02", "week": 26, "rsi": 35.41},
      {"start": "2010-07-06", "end": "2010-07-09", "week": 27, "rsi": 41.55},
      {"start": "2010-07-12", "end": "2010-07-16", "week": 28, "rsi": 38.48},
      {"start": "2010-07-19", "end": "2010-07-23", "week": 29, "rsi": 41.96},
      {"start": "2010-07-26", "end": "2010-07-30", "week": 30, "rsi": 38.69},
      {"start": "2010-08-02", "end": "2010-08-06", "week": 31, "rsi": 43.95},
      {"start": "2010-08-09", "end": "2010-08-13", "week": 32, "rsi": 48.16},
      {"start": "2010-08-16", "end": "2010-08-20", "week": 33, "rsi": 44.22},
      {"start": "2010-08-23", "end": "2010-08-27", "week": 34, "rsi": 47.62},
      {"start": "2010-08-30", "end": "2010-09-03", "week": 35, "rsi": 51.18},
      {"start": "2010-09-07", "end": "2010-09-10", "week": 36, "rsi": 54.34},
      {"start": "2010-09-13", "end": "2010-09-17", "week": 37, "rsi": 56.77},
      {"start": "2010-09-20", "end": "2010-09-24", "week": 38, "rsi": 57.17},
      {"start": "2010-09-27", "end": "2010-10-01", "week": 39, "rsi": 60.70},
      {"start": "2010-10-04", "end": "2010-10-08", "week": 40, "rsi": 73.61},
      {"start": "2010-10-11", "end": "2010-10-15", "week": 41, "rsi": 72.88},
      {"start": "2010-10-18", "end": "2010-10-22", "week": 42, "rsi": 74.53},
      {"start": "2010-10-25", "end": "2010-10-29", "week": 43, "rsi": 72.34},
      {"start": "2010-11-01", "end": "2010-11-05", "week": 44, "rsi": 76.31},
      {"start": "2010-11-08", "end": "2010-11-12", "week": 45, "rsi": 68.98},
      {"start": "2010-11-15", "end": "2010-11-19", "week": 46, "rsi": 79.47},
      {"start": "2010-11-22", "end": "2010-11-26", "week": 47, "rsi": 79.62},
      {"start": "2010-11-29", "end": "2010-12-03", "week": 48, "rsi": 86.30},
      {"start": "2010-12-06", "end": "2010-12-10", "week": 49, "rsi": 84.81},
      {"start": "2010-12-13", "end": "2010-12-17", "week": 50, "rsi": 84.08},
      {"start": "2010-12-20", "end": "2010-12-23", "week": 51, "rsi": 82.30},
      {"start": "2010-12-27", "end": "2010-12-31", "week": 52, "rsi": 76.49}
    ]
  },
  "2011": {
    "description": "2011년 주간 RSI 데이터",
    "weeks": [
      {"start": "2011-01-03", "end": "2011-01-07", "week": 1, "rsi": 84.93},
      {"start": "2011-01-10", "end": "2011-01-14", "week": 2, "rsi": 85.50},
      {"start": "2011-01-18", "end": "2011-01-21", "week": 3, "rsi": 71.40},
      {"start": "2011-01-24", "end": "2011-01-28", "week": 4, "rsi": 71.10},
      {"start": "2011-01-31", "end": "2011-02-04", "week": 5, "rsi": 74.07},
      {"start": "2011-02-07", "end": "2011-02-11", "week": 6, "rsi": 73.00},
      {"start": "2011-02-14", "end": "2011-02-18", "week": 7, "rsi": 82.74},
      {"start": "2011-02-22", "end": "2011-02-25", "week": 8, "rsi": 74.57},
      {"start": "2011-02-28", "end": "2011-03-04", "week": 9, "rsi": 74.62},
      {"start": "2011-03-07", "end": "2011-03-11", "week": 10, "rsi": 61.97},
      {"start": "2011-03-14", "end": "2011-03-18", "week": 11, "rsi": 49.84},
      {"start": "2011-03-21", "end": "2011-03-25", "week": 12, "rsi": 57.88},
      {"start": "2011-03-28", "end": "2011-04-01", "week": 13, "rsi": 58.99},
      {"start": "2011-04-04", "end": "2011-04-08", "week": 14, "rsi": 58.11},
      {"start": "2011-04-11", "end": "2011-04-15", "week": 15, "rsi": 52.74},
      {"start": "2011-04-18", "end": "2011-04-21", "week": 16, "rsi": 54.53},
      {"start": "2011-04-25", "end": "2011-04-29", "week": 17, "rsi": 61.96},
      {"start": "2011-05-02", "end": "2011-05-06", "week": 18, "rsi": 59.27},
      {"start": "2011-05-09", "end": "2011-05-13", "week": 19, "rsi": 53.90},
      {"start": "2011-05-16", "end": "2011-05-20", "week": 20, "rsi": 47.38},
      {"start": "2011-05-23", "end": "2011-05-27", "week": 21, "rsi": 44.93},
      {"start": "2011-05-31", "end": "2011-06-03", "week": 22, "rsi": 44.93},
      {"start": "2011-06-06", "end": "2011-06-10", "week": 23, "rsi": 38.28},
      {"start": "2011-06-13", "end": "2011-06-17", "week": 24, "rsi": 40.06},
      {"start": "2011-06-20", "end": "2011-06-24", "week": 25, "rsi": 49.71},
      {"start": "2011-06-27", "end": "2011-07-01", "week": 26, "rsi": 54.03},
      {"start": "2011-07-05", "end": "2011-07-08", "week": 27, "rsi": 55.70},
      {"start": "2011-07-11", "end": "2011-07-15", "week": 28, "rsi": 53.12},
      {"start": "2011-07-18", "end": "2011-07-22", "week": 29, "rsi": 59.28},
      {"start": "2011-07-25", "end": "2011-07-29", "week": 30, "rsi": 48.92},
      {"start": "2011-08-01", "end": "2011-08-05", "week": 31, "rsi": 36.35},
      {"start": "2011-08-08", "end": "2011-08-12", "week": 32, "rsi": 37.02},
      {"start": "2011-08-15", "end": "2011-08-19", "week": 33, "rsi": 31.26},
      {"start": "2011-08-22", "end": "2011-08-26", "week": 34, "rsi": 40.65},
      {"start": "2011-08-29", "end": "2011-09-02", "week": 35, "rsi": 41.58},
      {"start": "2011-09-06", "end": "2011-09-09", "week": 36, "rsi": 43.30},
      {"start": "2011-09-12", "end": "2011-09-16", "week": 37, "rsi": 53.85},
      {"start": "2011-09-19", "end": "2011-09-23", "week": 38, "rsi": 50.67},
      {"start": "2011-09-26", "end": "2011-09-30", "week": 39, "rsi": 46.63},
      {"start": "2011-10-03", "end": "2011-10-07", "week": 40, "rsi": 42.63},
      {"start": "2011-10-10", "end": "2011-10-14", "week": 41, "rsi": 48.54},
      {"start": "2011-10-17", "end": "2011-10-21", "week": 42, "rsi": 49.04},
      {"start": "2011-10-24", "end": "2011-10-28", "week": 43, "rsi": 48.85},
      {"start": "2011-10-31", "end": "2011-11-04", "week": 44, "rsi": 49.65},
      {"start": "2011-11-07", "end": "2011-11-11", "week": 45, "rsi": 58.35},
      {"start": "2011-11-14", "end": "2011-11-18", "week": 46, "rsi": 53.49},
      {"start": "2011-11-21", "end": "2011-11-25", "week": 47, "rsi": 55.65},
      {"start": "2011-11-28", "end": "2011-12-02", "week": 48, "rsi": 56.75},
      {"start": "2011-12-05", "end": "2011-12-09", "week": 49, "rsi": 57.16},
      {"start": "2011-12-12", "end": "2011-12-16", "week": 50, "rsi": 52.98},
      {"start": "2011-12-19", "end": "2011-12-23", "week": 51, "rsi": 49.02},
      {"start": "2011-12-27", "end": "2011-12-30", "week": 52, "rsi": 53.53}
    ]
  },
  "2012": {
    "description": "2012년 주간 RSI 데이터",
    "weeks": [
      {"start": "2012-01-03", "end": "2012-01-06", "week": 1, "rsi": 61.03},
      {"start": "2012-01-09", "end": "2012-01-13", "week": 2, "rsi": 58.97},
      {"start": "2012-01-17", "end": "2012-01-20", "week": 3, "rsi": 53.90},
      {"start": "2012-01-23", "end": "2012-01-27", "week": 4, "rsi": 57.70},
      {"start": "2012-01-30", "end": "2012-02-03", "week": 5, "rsi": 57.72},
      {"start": "2012-02-06", "end": "2012-02-10", "week": 6, "rsi": 62.02},
      {"start": "2012-02-13", "end": "2012-02-17", "week": 7, "rsi": 63.72},
      {"start": "2012-02-21", "end": "2012-02-24", "week": 8, "rsi": 73.24},
      {"start": "2012-02-27", "end": "2012-03-02", "week": 9, "rsi": 85.66},
      {"start": "2012-03-05", "end": "2012-03-09", "week": 10, "rsi": 81.77},
      {"start": "2012-03-12", "end": "2012-03-16", "week": 11, "rsi": 83.17},
      {"start": "2012-03-19", "end": "2012-03-23", "week": 12, "rsi": 98.01},
      {"start": "2012-03-26", "end": "2012-03-30", "week": 13, "rsi": 97.91},
      {"start": "2012-04-02", "end": "2012-04-05", "week": 14, "rsi": 100.00},
      {"start": "2012-04-09", "end": "2012-04-13", "week": 15, "rsi": 86.63},
      {"start": "2012-04-16", "end": "2012-04-20", "week": 16, "rsi": 82.38},
      {"start": "2012-04-23", "end": "2012-04-27", "week": 17, "rsi": 82.34},
      {"start": "2012-04-30", "end": "2012-05-04", "week": 18, "rsi": 65.97},
      {"start": "2012-05-07", "end": "2012-05-11", "week": 19, "rsi": 58.64},
      {"start": "2012-05-14", "end": "2012-05-18", "week": 20, "rsi": 44.57},
      {"start": "2012-05-21", "end": "2012-05-25", "week": 21, "rsi": 45.64},
      {"start": "2012-05-29", "end": "2012-06-01", "week": 22, "rsi": 39.38},
      {"start": "2012-06-04", "end": "2012-06-08", "week": 23, "rsi": 44.52},
      {"start": "2012-06-11", "end": "2012-06-15", "week": 24, "rsi": 44.43},
      {"start": "2012-06-18", "end": "2012-06-22", "week": 25, "rsi": 40.73},
      {"start": "2012-06-25", "end": "2012-06-29", "week": 26, "rsi": 42.05},
      {"start": "2012-07-02", "end": "2012-07-06", "week": 27, "rsi": 39.86},
      {"start": "2012-07-09", "end": "2012-07-13", "week": 28, "rsi": 37.59},
      {"start": "2012-07-16", "end": "2012-07-20", "week": 29, "rsi": 44.20},
      {"start": "2012-07-23", "end": "2012-07-27", "week": 30, "rsi": 47.61},
      {"start": "2012-07-30", "end": "2012-08-03", "week": 31, "rsi": 44.91},
      {"start": "2012-08-06", "end": "2012-08-10", "week": 32, "rsi": 57.29},
      {"start": "2012-08-13", "end": "2012-08-17", "week": 33, "rsi": 63.13},
      {"start": "2012-08-20", "end": "2012-08-24", "week": 34, "rsi": 80.11},
      {"start": "2012-08-27", "end": "2012-08-31", "week": 35, "rsi": 76.97},
      {"start": "2012-09-04", "end": "2012-09-07", "week": 36, "rsi": 91.38},
      {"start": "2012-09-10", "end": "2012-09-14", "week": 37, "rsi": 89.77},
      {"start": "2012-09-17", "end": "2012-09-21", "week": 38, "rsi": 89.34},
      {"start": "2012-09-24", "end": "2012-09-28", "week": 39, "rsi": 75.29},
      {"start": "2012-10-01", "end": "2012-10-05", "week": 40, "rsi": 74.29},
      {"start": "2012-10-08", "end": "2012-10-12", "week": 41, "rsi": 60.51},
      {"start": "2012-10-15", "end": "2012-10-19", "week": 42, "rsi": 59.24},
      {"start": "2012-10-22", "end": "2012-10-26", "week": 43, "rsi": 54.66},
      {"start": "2012-10-31", "end": "2012-11-02", "week": 44, "rsi": 51.31},
      {"start": "2012-11-05", "end": "2012-11-09", "week": 45, "rsi": 41.30},
      {"start": "2012-11-12", "end": "2012-11-16", "week": 46, "rsi": 31.52},
      {"start": "2012-11-19", "end": "2012-11-23", "week": 47, "rsi": 37.31},
      {"start": "2012-11-26", "end": "2012-11-30", "week": 48, "rsi": 41.32},
      {"start": "2012-12-03", "end": "2012-12-07", "week": 49, "rsi": 39.30},
      {"start": "2012-12-10", "end": "2012-12-14", "week": 50, "rsi": 33.14},
      {"start": "2012-12-17", "end": "2012-12-21", "week": 51, "rsi": 31.98},
      {"start": "2012-12-24", "end": "2012-12-28", "week": 52, "rsi": 29.06},
      {"start": "2012-12-31", "end": "2013-01-04", "week": 53, "rsi": 44.11}
    ]
  },
  "2013": {
    "description": "2013년 주간 RSI 데이터",
    "weeks": [
      {"start": "2013-01-07", "end": "2013-01-11", "week": 1, "rsi": 44.85},
      {"start": "2013-01-14", "end": "2013-01-18", "week": 2, "rsi": 51.34},
      {"start": "2013-01-22", "end": "2013-01-25", "week": 3, "rsi": 54.83},
      {"start": "2013-01-28", "end": "2013-02-01", "week": 4, "rsi": 58.26},
      {"start": "2013-02-04", "end": "2013-02-08", "week": 5, "rsi": 59.97},
      {"start": "2013-02-11", "end": "2013-02-15", "week": 6, "rsi": 67.09},
      {"start": "2013-02-19", "end": "2013-02-22", "week": 7, "rsi": 69.97},
      {"start": "2013-02-25", "end": "2013-03-01", "week": 8, "rsi": 62.70},
      {"start": "2013-03-04", "end": "2013-03-08", "week": 9, "rsi": 64.49},
      {"start": "2013-03-11", "end": "2013-03-15", "week": 10, "rsi": 68.57},
      {"start": "2013-03-18", "end": "2013-03-22", "week": 11, "rsi": 70.57},
      {"start": "2013-03-25", "end": "2013-03-28", "week": 12, "rsi": 70.16},
      {"start": "2013-04-01", "end": "2013-04-05", "week": 13, "rsi": 72.57},
      {"start": "2013-04-08", "end": "2013-04-12", "week": 14, "rsi": 70.01},
      {"start": "2013-04-15", "end": "2013-04-19", "week": 15, "rsi": 54.37},
      {"start": "2013-04-22", "end": "2013-04-26", "week": 16, "rsi": 61.60},
      {"start": "2013-04-29", "end": "2013-05-03", "week": 17, "rsi": 69.31},
      {"start": "2013-05-06", "end": "2013-05-10", "week": 18, "rsi": 69.92},
      {"start": "2013-05-13", "end": "2013-05-17", "week": 19, "rsi": 71.83},
      {"start": "2013-05-20", "end": "2013-05-24", "week": 20, "rsi": 68.74},
      {"start": "2013-05-28", "end": "2013-05-31", "week": 21, "rsi": 70.85},
      {"start": "2013-06-03", "end": "2013-06-07", "week": 22, "rsi": 70.65},
      {"start": "2013-06-10", "end": "2013-06-14", "week": 23, "rsi": 62.30},
      {"start": "2013-06-17", "end": "2013-06-21", "week": 24, "rsi": 56.05},
      {"start": "2013-06-24", "end": "2013-06-28", "week": 25, "rsi": 58.06},
      {"start": "2013-07-01", "end": "2013-07-05", "week": 26, "rsi": 60.28},
      {"start": "2013-07-08", "end": "2013-07-12", "week": 27, "rsi": 69.42},
      {"start": "2013-07-15", "end": "2013-07-19", "week": 28, "rsi": 63.07},
      {"start": "2013-07-22", "end": "2013-07-26", "week": 29, "rsi": 71.77},
      {"start": "2013-07-29", "end": "2013-08-02", "week": 30, "rsi": 71.97},
      {"start": "2013-08-05", "end": "2013-08-09", "week": 31, "rsi": 64.79},
      {"start": "2013-08-12", "end": "2013-08-16", "week": 32, "rsi": 58.18},
      {"start": "2013-08-19", "end": "2013-08-23", "week": 33, "rsi": 58.01},
      {"start": "2013-08-26", "end": "2013-08-30", "week": 34, "rsi": 56.82},
      {"start": "2013-09-03", "end": "2013-09-06", "week": 35, "rsi": 61.22},
      {"start": "2013-09-09", "end": "2013-09-13", "week": 36, "rsi": 63.43},
      {"start": "2013-09-16", "end": "2013-09-20", "week": 37, "rsi": 69.49},
      {"start": "2013-09-23", "end": "2013-09-27", "week": 38, "rsi": 77.98},
      {"start": "2013-09-30", "end": "2013-10-04", "week": 39, "rsi": 77.23},
      {"start": "2013-10-07", "end": "2013-10-11", "week": 40, "rsi": 74.11},
      {"start": "2013-10-14", "end": "2013-10-18", "week": 41, "rsi": 74.48},
      {"start": "2013-10-21", "end": "2013-10-25", "week": 42, "rsi": 79.62},
      {"start": "2013-10-28", "end": "2013-11-01", "week": 43, "rsi": 77.89},
      {"start": "2013-11-04", "end": "2013-11-08", "week": 44, "rsi": 73.19},
      {"start": "2013-11-11", "end": "2013-11-15", "week": 45, "rsi": 78.84},
      {"start": "2013-11-18", "end": "2013-11-22", "week": 46, "rsi": 85.55},
      {"start": "2013-11-25", "end": "2013-11-29", "week": 47, "rsi": 86.18},
      {"start": "2013-12-02", "end": "2013-12-06", "week": 48, "rsi": 95.43},
      {"start": "2013-12-09", "end": "2013-12-13", "week": 49, "rsi": 85.11},
      {"start": "2013-12-16", "end": "2013-12-20", "week": 50, "rsi": 85.76},
      {"start": "2013-12-23", "end": "2013-12-27", "week": 51, "rsi": 85.87},
      {"start": "2013-12-30", "end": "2014-01-03", "week": 52, "rsi": 79.83}
    ]
  },
  "2014": {
    "description": "2014년 주간 RSI 데이터",
    "weeks": [
      {"start": "2014-01-06", "end": "2014-01-10", "week": 1, "rsi": 80.34},
      {"start": "2014-01-13", "end": "2014-01-17", "week": 2, "rsi": 82.20},
      {"start": "2014-01-21", "end": "2014-01-24", "week": 3, "rsi": 69.70},
      {"start": "2014-01-27", "end": "2014-01-31", "week": 4, "rsi": 64.82},
      {"start": "2014-02-03", "end": "2014-02-07", "week": 5, "rsi": 68.24},
      {"start": "2014-02-10", "end": "2014-02-14", "week": 6, "rsi": 74.98},
      {"start": "2014-02-18", "end": "2014-02-21", "week": 7, "rsi": 72.53},
      {"start": "2014-02-24", "end": "2014-02-28", "week": 8, "rsi": 73.29},
      {"start": "2014-03-03", "end": "2014-03-07", "week": 9, "rsi": 69.87},
      {"start": "2014-03-10", "end": "2014-03-14", "week": 10, "rsi": 59.77},
      {"start": "2014-03-17", "end": "2014-03-21", "week": 11, "rsi": 66.15},
      {"start": "2014-03-24", "end": "2014-03-28", "week": 12, "rsi": 52.09},
      {"start": "2014-03-31", "end": "2014-04-04", "week": 13, "rsi": 45.51},
      {"start": "2014-04-07", "end": "2014-04-11", "week": 14, "rsi": 41.09},
      {"start": "2014-04-14", "end": "2014-04-17", "week": 15, "rsi": 46.48},
      {"start": "2014-04-21", "end": "2014-04-25", "week": 16, "rsi": 44.39},
      {"start": "2014-04-28", "end": "2014-05-02", "week": 17, "rsi": 52.47},
      {"start": "2014-05-05", "end": "2014-05-09", "week": 18, "rsi": 51.72},
      {"start": "2014-05-12", "end": "2014-05-16", "week": 19, "rsi": 51.34},
      {"start": "2014-05-19", "end": "2014-05-23", "week": 20, "rsi": 50.23},
      {"start": "2014-05-27", "end": "2014-05-30", "week": 21, "rsi": 54.24},
      {"start": "2014-06-02", "end": "2014-06-06", "week": 22, "rsi": 57.13},
      {"start": "2014-06-09", "end": "2014-06-13", "week": 23, "rsi": 55.06},
      {"start": "2014-06-16", "end": "2014-06-20", "week": 24, "rsi": 62.59},
      {"start": "2014-06-23", "end": "2014-06-27", "week": 25, "rsi": 64.03},
      {"start": "2014-06-30", "end": "2014-07-03", "week": 26, "rsi": 75.55},
      {"start": "2014-07-07", "end": "2014-07-11", "week": 27, "rsi": 76.68},
      {"start": "2014-07-14", "end": "2014-07-18", "week": 28, "rsi": 89.33},
      {"start": "2014-07-21", "end": "2014-07-25", "week": 29, "rsi": 88.19},
      {"start": "2014-07-28", "end": "2014-08-01", "week": 30, "rsi": 76.73},
      {"start": "2014-08-04", "end": "2014-08-08", "week": 31, "rsi": 75.05},
      {"start": "2014-08-11", "end": "2014-08-15", "week": 32, "rsi": 81.93},
      {"start": "2014-08-18", "end": "2014-08-22", "week": 33, "rsi": 82.70},
      {"start": "2014-08-25", "end": "2014-08-29", "week": 34, "rsi": 81.13},
      {"start": "2014-09-02", "end": "2014-09-05", "week": 35, "rsi": 79.42},
      {"start": "2014-09-08", "end": "2014-09-12", "week": 36, "rsi": 74.70},
      {"start": "2014-09-15", "end": "2014-09-19", "week": 37, "rsi": 78.41},
      {"start": "2014-09-22", "end": "2014-09-26", "week": 38, "rsi": 71.12},
      {"start": "2014-09-29", "end": "2014-10-03", "week": 39, "rsi": 65.95},
      {"start": "2014-10-06", "end": "2014-10-10", "week": 40, "rsi": 45.97},
      {"start": "2014-10-13", "end": "2014-10-17", "week": 41, "rsi": 43.18},
      {"start": "2014-10-20", "end": "2014-10-24", "week": 42, "rsi": 55.84},
      {"start": "2014-10-27", "end": "2014-10-31", "week": 43, "rsi": 59.88},
      {"start": "2014-11-03", "end": "2014-11-07", "week": 44, "rsi": 65.96},
      {"start": "2014-11-10", "end": "2014-11-14", "week": 45, "rsi": 68.01},
      {"start": "2014-11-17", "end": "2014-11-21", "week": 46, "rsi": 65.22},
      {"start": "2014-11-24", "end": "2014-11-28", "week": 47, "rsi": 66.01},
      {"start": "2014-12-01", "end": "2014-12-05", "week": 48, "rsi": 62.94},
      {"start": "2014-12-08", "end": "2014-12-12", "week": 49, "rsi": 55.73},
      {"start": "2014-12-15", "end": "2014-12-19", "week": 50, "rsi": 59.50},
      {"start": "2014-12-22", "end": "2014-12-26", "week": 51, "rsi": 59.84},
      {"start": "2014-12-29", "end": "2015-01-02", "week": 52, "rsi": 57.82}
    ]
  },
  "2015": {
    "description": "2015년 주간 RSI 데이터",
    "weeks": [
      {"start": "2015-01-05", "end": "2015-01-09", "week": 1, "rsi": 58.46},
      {"start": "2015-01-12", "end": "2015-01-16", "week": 2, "rsi": 63.08},
      {"start": "2015-01-20", "end": "2015-01-23", "week": 3, "rsi": 71.34},
      {"start": "2015-01-26", "end": "2015-01-30", "week": 4, "rsi": 55.18},
      {"start": "2015-02-02", "end": "2015-02-06", "week": 5, "rsi": 53.73},
      {"start": "2015-02-09", "end": "2015-02-13", "week": 6, "rsi": 59.93},
      {"start": "2015-02-17", "end": "2015-02-20", "week": 7, "rsi": 59.74},
      {"start": "2015-02-23", "end": "2015-02-27", "week": 8, "rsi": 58.71},
      {"start": "2015-03-02", "end": "2015-03-06", "week": 9, "rsi": 52.82},
      {"start": "2015-03-09", "end": "2015-03-13", "week": 10, "rsi": 49.92},
      {"start": "2015-03-16", "end": "2015-03-20", "week": 11, "rsi": 60.95},
      {"start": "2015-03-23", "end": "2015-03-27", "week": 12, "rsi": 52.13},
      {"start": "2015-03-30", "end": "2015-04-02", "week": 13, "rsi": 50.14},
      {"start": "2015-04-06", "end": "2015-04-10", "week": 14, "rsi": 58.49},
      {"start": "2015-04-13", "end": "2015-04-17", "week": 15, "rsi": 55.70},
      {"start": "2015-04-20", "end": "2015-04-24", "week": 16, "rsi": 64.96},
      {"start": "2015-04-27", "end": "2015-05-01", "week": 17, "rsi": 57.84},
      {"start": "2015-05-04", "end": "2015-05-08", "week": 18, "rsi": 63.69},
      {"start": "2015-05-11", "end": "2015-05-15", "week": 19, "rsi": 62.13},
      {"start": "2015-05-18", "end": "2015-05-22", "week": 20, "rsi": 57.51},
      {"start": "2015-05-26", "end": "2015-05-29", "week": 21, "rsi": 53.63},
      {"start": "2015-06-01", "end": "2015-06-05", "week": 22, "rsi": 51.93},
      {"start": "2015-06-08", "end": "2015-06-12", "week": 23, "rsi": 52.92},
      {"start": "2015-06-15", "end": "2015-06-19", "week": 24, "rsi": 60.35},
      {"start": "2015-06-22", "end": "2015-06-26", "week": 25, "rsi": 51.91},
      {"start": "2015-06-29", "end": "2015-07-02", "week": 26, "rsi": 56.85},
      {"start": "2015-07-06", "end": "2015-07-10", "week": 27, "rsi": 57.18},
      {"start": "2015-07-13", "end": "2015-07-17", "week": 28, "rsi": 63.94},
      {"start": "2015-07-20", "end": "2015-07-24", "week": 29, "rsi": 61.73},
      {"start": "2015-07-27", "end": "2015-07-31", "week": 30, "rsi": 53.91},
      {"start": "2015-08-03", "end": "2015-08-07", "week": 31, "rsi": 53.47},
      {"start": "2015-08-10", "end": "2015-08-14", "week": 32, "rsi": 55.06},
      {"start": "2015-08-17", "end": "2015-08-21", "week": 33, "rsi": 35.77},
      {"start": "2015-08-24", "end": "2015-08-28", "week": 34, "rsi": 41.20},
      {"start": "2015-08-31", "end": "2015-09-04", "week": 35, "rsi": 37.10},
      {"start": "2015-09-08", "end": "2015-09-11", "week": 36, "rsi": 44.39},
      {"start": "2015-09-14", "end": "2015-09-18", "week": 37, "rsi": 44.84},
      {"start": "2015-09-21", "end": "2015-09-25", "week": 38, "rsi": 39.81},
      {"start": "2015-09-28", "end": "2015-10-02", "week": 39, "rsi": 42.42},
      {"start": "2015-10-05", "end": "2015-10-09", "week": 40, "rsi": 48.02},
      {"start": "2015-10-12", "end": "2015-10-16", "week": 41, "rsi": 50.63},
      {"start": "2015-10-19", "end": "2015-10-23", "week": 42, "rsi": 48.87},
      {"start": "2015-10-26", "end": "2015-10-30", "week": 43, "rsi": 53.28},
      {"start": "2015-11-02", "end": "2015-11-06", "week": 44, "rsi": 54.11},
      {"start": "2015-11-09", "end": "2015-11-13", "week": 45, "rsi": 49.38},
      {"start": "2015-11-16", "end": "2015-11-20", "week": 46, "rsi": 54.69},
      {"start": "2015-11-23", "end": "2015-11-27", "week": 47, "rsi": 67.33},
      {"start": "2015-11-30", "end": "2015-12-04", "week": 48, "rsi": 64.88},
      {"start": "2015-12-07", "end": "2015-12-11", "week": 49, "rsi": 63.13},
      {"start": "2015-12-14", "end": "2015-12-18", "week": 50, "rsi": 57.00},
      {"start": "2015-12-21", "end": "2015-12-24", "week": 51, "rsi": 60.98},
      {"start": "2015-12-28", "end": "2015-12-31", "week": 52, "rsi": 64.30}
    ]
  },
  "2016": {
    "description": "2016년 주간 RSI 데이터",
    "weeks": [
      {"start": "2016-01-04", "end": "2016-01-08", "week": 1, "rsi": 50.00},
      {"start": "2016-01-11", "end": "2016-01-15", "week": 2, "rsi": 42.64},
      {"start": "2016-01-19", "end": "2016-01-22", "week": 3, "rsi": 44.56},
      {"start": "2016-01-25", "end": "2016-01-29", "week": 4, "rsi": 37.89},
      {"start": "2016-02-01", "end": "2016-02-05", "week": 5, "rsi": 31.53},
      {"start": "2016-02-08", "end": "2016-02-12", "week": 6, "rsi": 28.94},
      {"start": "2016-02-16", "end": "2016-02-19", "week": 7, "rsi": 39.33},
      {"start": "2016-02-22", "end": "2016-02-26", "week": 8, "rsi": 34.49},
      {"start": "2016-02-29", "end": "2016-03-04", "week": 9, "rsi": 38.54},
      {"start": "2016-03-07", "end": "2016-03-11", "week": 10, "rsi": 38.52},
      {"start": "2016-03-14", "end": "2016-03-18", "week": 11, "rsi": 45.00},
      {"start": "2016-03-21", "end": "2016-03-24", "week": 12, "rsi": 46.15},
      {"start": "2016-03-28", "end": "2016-04-01", "week": 13, "rsi": 46.69},
      {"start": "2016-04-04", "end": "2016-04-08", "week": 14, "rsi": 45.84},
      {"start": "2016-04-11", "end": "2016-04-15", "week": 15, "rsi": 61.78},
      {"start": "2016-04-18", "end": "2016-04-22", "week": 16, "rsi": 65.29},
      {"start": "2016-04-25", "end": "2016-04-29", "week": 17, "rsi": 53.62},
      {"start": "2016-05-02", "end": "2016-05-06", "week": 18, "rsi": 52.71},
      {"start": "2016-05-09", "end": "2016-05-13", "week": 19, "rsi": 67.74},
      {"start": "2016-05-16", "end": "2016-05-20", "week": 20, "rsi": 69.50},
      {"start": "2016-05-23", "end": "2016-05-27", "week": 21, "rsi": 69.57},
      {"start": "2016-05-31", "end": "2016-06-03", "week": 22, "rsi": 66.58},
      {"start": "2016-06-06", "end": "2016-06-10", "week": 23, "rsi": 58.66},
      {"start": "2016-06-13", "end": "2016-06-17", "week": 24, "rsi": 50.00},
      {"start": "2016-06-20", "end": "2016-06-24", "week": 25, "rsi": 42.94},
      {"start": "2016-06-27", "end": "2016-07-01", "week": 26, "rsi": 51.61},
      {"start": "2016-07-05", "end": "2016-07-08", "week": 27, "rsi": 49.88},
      {"start": "2016-07-11", "end": "2016-07-15", "week": 28, "rsi": 55.65},
      {"start": "2016-07-18", "end": "2016-07-22", "week": 29, "rsi": 56.03},
      {"start": "2016-07-25", "end": "2016-07-29", "week": 30, "rsi": 62.56},
      {"start": "2016-08-01", "end": "2016-08-05", "week": 31, "rsi": 73.86},
      {"start": "2016-08-08", "end": "2016-08-12", "week": 32, "rsi": 74.77},
      {"start": "2016-08-15", "end": "2016-08-19", "week": 33, "rsi": 75.09},
      {"start": "2016-08-22", "end": "2016-08-26", "week": 34, "rsi": 72.46},
      {"start": "2016-08-29", "end": "2016-09-02", "week": 35, "rsi": 67.80},
      {"start": "2016-09-06", "end": "2016-09-09", "week": 36, "rsi": 59.42},
      {"start": "2016-09-12", "end": "2016-09-16", "week": 37, "rsi": 67.19},
      {"start": "2016-09-19", "end": "2016-09-23", "week": 38, "rsi": 75.87},
      {"start": "2016-09-26", "end": "2016-09-30", "week": 39, "rsi": 84.24},
      {"start": "2016-10-03", "end": "2016-10-07", "week": 40, "rsi": 79.63},
      {"start": "2016-10-10", "end": "2016-10-14", "week": 41, "rsi": 70.55},
      {"start": "2016-10-17", "end": "2016-10-21", "week": 42, "rsi": 69.66},
      {"start": "2016-10-24", "end": "2016-10-28", "week": 43, "rsi": 61.24},
      {"start": "2016-10-31", "end": "2016-11-04", "week": 44, "rsi": 45.41},
      {"start": "2016-11-07", "end": "2016-11-11", "week": 45, "rsi": 47.25},
      {"start": "2016-11-14", "end": "2016-11-18", "week": 46, "rsi": 50.32},
      {"start": "2016-11-21", "end": "2016-11-25", "week": 47, "rsi": 53.79},
      {"start": "2016-11-28", "end": "2016-12-02", "week": 48, "rsi": 47.65},
      {"start": "2016-12-05", "end": "2016-12-09", "week": 49, "rsi": 54.50},
      {"start": "2016-12-12", "end": "2016-12-16", "week": 50, "rsi": 61.23},
      {"start": "2016-12-19", "end": "2016-12-23", "week": 51, "rsi": 56.84},
      {"start": "2016-12-27", "end": "2016-12-30", "week": 52, "rsi": 50.34}
    ]
  },
  "2017": {
    "description": "2017년 주간 RSI 데이터",
    "weeks": [
      {"start": "2017-01-03", "end": "2017-01-06", "week": 1, "rsi": 56.42},
      {"start": "2017-01-09", "end": "2017-01-13", "week": 2, "rsi": 59.02},
      {"start": "2017-01-17", "end": "2017-01-20", "week": 3, "rsi": 62.34},
      {"start": "2017-01-23", "end": "2017-01-27", "week": 4, "rsi": 64.55},
      {"start": "2017-01-30", "end": "2017-02-03", "week": 5, "rsi": 66.92},
      {"start": "2017-02-06", "end": "2017-02-10", "week": 6, "rsi": 79.08},
      {"start": "2017-02-13", "end": "2017-02-17", "week": 7, "rsi": 79.32},
      {"start": "2017-02-21", "end": "2017-02-24", "week": 8, "rsi": 78.35},
      {"start": "2017-02-27", "end": "2017-03-03", "week": 9, "rsi": 77.65},
      {"start": "2017-03-06", "end": "2017-03-10", "week": 10, "rsi": 90.50},
      {"start": "2017-03-13", "end": "2017-03-17", "week": 11, "rsi": 88.41},
      {"start": "2017-03-20", "end": "2017-03-24", "week": 12, "rsi": 82.77},
      {"start": "2017-03-27", "end": "2017-03-31", "week": 13, "rsi": 83.87},
      {"start": "2017-04-03", "end": "2017-04-07", "week": 14, "rsi": 90.46},
      {"start": "2017-04-10", "end": "2017-04-13", "week": 15, "rsi": 78.63},
      {"start": "2017-04-17", "end": "2017-04-21", "week": 16, "rsi": 79.90},
      {"start": "2017-04-24", "end": "2017-04-28", "week": 17, "rsi": 83.42},
      {"start": "2017-05-01", "end": "2017-05-05", "week": 18, "rsi": 82.50},
      {"start": "2017-05-08", "end": "2017-05-12", "week": 19, "rsi": 84.00},
      {"start": "2017-05-15", "end": "2017-05-19", "week": 20, "rsi": 78.96},
      {"start": "2017-05-22", "end": "2017-05-26", "week": 21, "rsi": 80.01},
      {"start": "2017-05-30", "end": "2017-06-02", "week": 22, "rsi": 81.73},
      {"start": "2017-06-05", "end": "2017-06-09", "week": 23, "rsi": 69.05},
      {"start": "2017-06-12", "end": "2017-06-16", "week": 24, "rsi": 63.53},
      {"start": "2017-06-19", "end": "2017-06-23", "week": 25, "rsi": 67.19},
      {"start": "2017-06-26", "end": "2017-06-30", "week": 26, "rsi": 61.56},
      {"start": "2017-07-03", "end": "2017-07-07", "week": 27, "rsi": 59.38},
      {"start": "2017-07-10", "end": "2017-07-14", "week": 28, "rsi": 65.55},
      {"start": "2017-07-17", "end": "2017-07-21", "week": 29, "rsi": 70.74},
      {"start": "2017-07-24", "end": "2017-07-28", "week": 30, "rsi": 68.10},
      {"start": "2017-07-31", "end": "2017-08-04", "week": 31, "rsi": 63.72},
      {"start": "2017-08-07", "end": "2017-08-11", "week": 32, "rsi": 58.17},
      {"start": "2017-08-14", "end": "2017-08-18", "week": 33, "rsi": 54.74},
      {"start": "2017-08-21", "end": "2017-08-25", "week": 34, "rsi": 57.45},
      {"start": "2017-08-28", "end": "2017-09-01", "week": 35, "rsi": 58.43},
      {"start": "2017-09-05", "end": "2017-09-08", "week": 36, "rsi": 51.34},
      {"start": "2017-09-11", "end": "2017-09-15", "week": 37, "rsi": 61.57},
      {"start": "2017-09-18", "end": "2017-09-22", "week": 38, "rsi": 61.78},
      {"start": "2017-09-25", "end": "2017-09-29", "week": 39, "rsi": 58.69},
      {"start": "2017-10-02", "end": "2017-10-06", "week": 40, "rsi": 71.94},
      {"start": "2017-10-09", "end": "2017-10-13", "week": 41, "rsi": 72.61},
      {"start": "2017-10-16", "end": "2017-10-20", "week": 42, "rsi": 66.98},
      {"start": "2017-10-23", "end": "2017-10-27", "week": 43, "rsi": 67.87},
      {"start": "2017-10-30", "end": "2017-11-03", "week": 44, "rsi": 71.72},
      {"start": "2017-11-06", "end": "2017-11-10", "week": 45, "rsi": 72.87},
      {"start": "2017-11-13", "end": "2017-11-17", "week": 46, "rsi": 78.69},
      {"start": "2017-11-20", "end": "2017-11-24", "week": 47, "rsi": 84.02},
      {"start": "2017-11-27", "end": "2017-12-01", "week": 48, "rsi": 77.08},
      {"start": "2017-12-04", "end": "2017-12-08", "week": 49, "rsi": 72.54},
      {"start": "2017-12-11", "end": "2017-12-15", "week": 50, "rsi": 82.84},
      {"start": "2017-12-18", "end": "2017-12-22", "week": 51, "rsi": 79.94},
      {"start": "2017-12-26", "end": "2017-12-29", "week": 52, "rsi": 80.49}
    ]
  },
  "2018": {
    "description": "2018년 주간 RSI 데이터",
    "weeks": [
      {"start": "2018-01-02", "end": "2018-01-05", "week": 1, "rsi": 84.62},
      {"start": "2018-01-08", "end": "2018-01-12", "week": 2, "rsi": 84.84},
      {"start": "2018-01-16", "end": "2018-01-19", "week": 3, "rsi": 85.55},
      {"start": "2018-01-22", "end": "2018-01-26", "week": 4, "rsi": 87.61},
      {"start": "2018-01-29", "end": "2018-02-02", "week": 5, "rsi": 70.06},
      {"start": "2018-02-05", "end": "2018-02-09", "week": 6, "rsi": 53.55},
      {"start": "2018-02-12", "end": "2018-02-16", "week": 7, "rsi": 61.69},
      {"start": "2018-02-20", "end": "2018-02-23", "week": 8, "rsi": 63.89},
      {"start": "2018-02-26", "end": "2018-03-02", "week": 9, "rsi": 59.53},
      {"start": "2018-03-05", "end": "2018-03-09", "week": 10, "rsi": 66.53},
      {"start": "2018-03-12", "end": "2018-03-16", "week": 11, "rsi": 63.97},
      {"start": "2018-03-19", "end": "2018-03-23", "week": 12, "rsi": 50.63},
      {"start": "2018-03-26", "end": "2018-03-29", "week": 13, "rsi": 51.99},
      {"start": "2018-04-02", "end": "2018-04-06", "week": 14, "rsi": 50.61},
      {"start": "2018-04-09", "end": "2018-04-13", "week": 15, "rsi": 49.61},
      {"start": "2018-04-16", "end": "2018-04-20", "week": 16, "rsi": 48.39},
      {"start": "2018-04-23", "end": "2018-04-27", "week": 17, "rsi": 46.80},
      {"start": "2018-04-30", "end": "2018-05-04", "week": 18, "rsi": 45.32},
      {"start": "2018-05-07", "end": "2018-05-11", "week": 19, "rsi": 53.85},
      {"start": "2018-05-14", "end": "2018-05-18", "week": 20, "rsi": 60.06},
      {"start": "2018-05-21", "end": "2018-05-25", "week": 21, "rsi": 54.78},
      {"start": "2018-05-29", "end": "2018-06-01", "week": 22, "rsi": 54.60},
      {"start": "2018-06-04", "end": "2018-06-08", "week": 23, "rsi": 58.59},
      {"start": "2018-06-11", "end": "2018-06-15", "week": 24, "rsi": 54.29},
      {"start": "2018-06-18", "end": "2018-06-22", "week": 25, "rsi": 54.88},
      {"start": "2018-06-25", "end": "2018-06-29", "week": 26, "rsi": 68.65},
      {"start": "2018-07-02", "end": "2018-07-06", "week": 27, "rsi": 70.61},
      {"start": "2018-07-09", "end": "2018-07-13", "week": 28, "rsi": 80.19},
      {"start": "2018-07-16", "end": "2018-07-20", "week": 29, "rsi": 75.96},
      {"start": "2018-07-23", "end": "2018-07-27", "week": 30, "rsi": 72.28},
      {"start": "2018-07-30", "end": "2018-08-03", "week": 31, "rsi": 74.56},
      {"start": "2018-08-06", "end": "2018-08-10", "week": 32, "rsi": 72.82},
      {"start": "2018-08-13", "end": "2018-08-17", "week": 33, "rsi": 67.13},
      {"start": "2018-08-20", "end": "2018-08-24", "week": 34, "rsi": 74.24},
      {"start": "2018-08-27", "end": "2018-08-31", "week": 35, "rsi": 75.74},
      {"start": "2018-09-04", "end": "2018-09-07", "week": 36, "rsi": 61.82},
      {"start": "2018-09-10", "end": "2018-09-14", "week": 37, "rsi": 63.05},
      {"start": "2018-09-17", "end": "2018-09-21", "week": 38, "rsi": 59.80},
      {"start": "2018-09-24", "end": "2018-09-28", "week": 39, "rsi": 65.06},
      {"start": "2018-10-01", "end": "2018-10-05", "week": 40, "rsi": 61.57},
      {"start": "2018-10-08", "end": "2018-10-12", "week": 41, "rsi": 48.33},
      {"start": "2018-10-15", "end": "2018-10-19", "week": 42, "rsi": 40.82},
      {"start": "2018-10-22", "end": "2018-10-26", "week": 43, "rsi": 35.19},
      {"start": "2018-10-29", "end": "2018-11-02", "week": 44, "rsi": 40.41},
      {"start": "2018-11-05", "end": "2018-11-09", "week": 45, "rsi": 39.97},
      {"start": "2018-11-12", "end": "2018-11-16", "week": 46, "rsi": 35.92},
      {"start": "2018-11-19", "end": "2018-11-23", "week": 47, "rsi": 30.83},
      {"start": "2018-11-26", "end": "2018-11-30", "week": 48, "rsi": 39.33},
      {"start": "2018-12-03", "end": "2018-12-07", "week": 49, "rsi": 30.63},
      {"start": "2018-12-10", "end": "2018-12-14", "week": 50, "rsi": 33.31},
      {"start": "2018-12-17", "end": "2018-12-21", "week": 51, "rsi": 24.21},
      {"start": "2018-12-24", "end": "2018-12-28", "week": 52, "rsi": 29.71}
    ]
  },
  "2019": {
    "description": "2019년 주간 RSI 데이터",
    "weeks": [
      {"start": "2018-12-31", "end": "2019-01-04", "week": 1, "rsi": 30.79},
      {"start": "2019-01-07", "end": "2019-01-11", "week": 2, "rsi": 37.15},
      {"start": "2019-01-14", "end": "2019-01-18", "week": 3, "rsi": 43.91},
      {"start": "2019-01-22", "end": "2019-01-25", "week": 4, "rsi": 44.63},
      {"start": "2019-01-28", "end": "2019-02-01", "week": 5, "rsi": 50.57},
      {"start": "2019-02-04", "end": "2019-02-08", "week": 6, "rsi": 49.39},
      {"start": "2019-02-11", "end": "2019-02-15", "week": 7, "rsi": 50.31},
      {"start": "2019-02-19", "end": "2019-02-22", "week": 8, "rsi": 54.10},
      {"start": "2019-02-25", "end": "2019-03-01", "week": 9, "rsi": 62.87},
      {"start": "2019-03-04", "end": "2019-03-08", "week": 10, "rsi": 51.73},
      {"start": "2019-03-11", "end": "2019-03-15", "week": 11, "rsi": 66.56},
      {"start": "2019-03-18", "end": "2019-03-22", "week": 12, "rsi": 67.09},
      {"start": "2019-03-25", "end": "2019-03-29", "week": 13, "rsi": 91.43},
      {"start": "2019-04-01", "end": "2019-04-05", "week": 14, "rsi": 91.34},
      {"start": "2019-04-08", "end": "2019-04-12", "week": 15, "rsi": 90.84},
      {"start": "2019-04-15", "end": "2019-04-18", "week": 16, "rsi": 90.04},
      {"start": "2019-04-22", "end": "2019-04-26", "week": 17, "rsi": 89.64},
      {"start": "2019-04-29", "end": "2019-05-03", "week": 18, "rsi": 90.06},
      {"start": "2019-05-06", "end": "2019-05-10", "week": 19, "rsi": 74.23},
      {"start": "2019-05-13", "end": "2019-05-17", "week": 20, "rsi": 69.54},
      {"start": "2019-05-20", "end": "2019-05-24", "week": 21, "rsi": 58.07},
      {"start": "2019-05-28", "end": "2019-05-31", "week": 22, "rsi": 51.27},
      {"start": "2019-06-03", "end": "2019-06-07", "week": 23, "rsi": 57.01},
      {"start": "2019-06-10", "end": "2019-06-14", "week": 24, "rsi": 62.52},
      {"start": "2019-06-17", "end": "2019-06-21", "week": 25, "rsi": 61.47},
      {"start": "2019-06-24", "end": "2019-06-28", "week": 26, "rsi": 58.86},
      {"start": "2019-07-01", "end": "2019-07-05", "week": 27, "rsi": 61.54},
      {"start": "2019-07-08", "end": "2019-07-12", "week": 28, "rsi": 59.47},
      {"start": "2019-07-15", "end": "2019-07-19", "week": 29, "rsi": 55.37},
      {"start": "2019-07-22", "end": "2019-07-26", "week": 30, "rsi": 57.76},
      {"start": "2019-07-29", "end": "2019-08-02", "week": 31, "rsi": 47.03},
      {"start": "2019-08-05", "end": "2019-08-09", "week": 32, "rsi": 45.88},
      {"start": "2019-08-12", "end": "2019-08-16", "week": 33, "rsi": 50.47},
      {"start": "2019-08-19", "end": "2019-08-23", "week": 34, "rsi": 49.07},
      {"start": "2019-08-26", "end": "2019-08-30", "week": 35, "rsi": 58.80},
      {"start": "2019-09-03", "end": "2019-09-06", "week": 36, "rsi": 66.71},
      {"start": "2019-09-09", "end": "2019-09-13", "week": 37, "rsi": 62.33},
      {"start": "2019-09-16", "end": "2019-09-20", "week": 38, "rsi": 58.72},
      {"start": "2019-09-23", "end": "2019-09-27", "week": 39, "rsi": 48.27},
      {"start": "2019-09-30", "end": "2019-10-04", "week": 40, "rsi": 52.32},
      {"start": "2019-10-07", "end": "2019-10-11", "week": 41, "rsi": 50.07},
      {"start": "2019-10-14", "end": "2019-10-18", "week": 42, "rsi": 47.74},
      {"start": "2019-10-21", "end": "2019-10-25", "week": 43, "rsi": 55.50},
      {"start": "2019-10-28", "end": "2019-11-01", "week": 44, "rsi": 54.36},
      {"start": "2019-11-04", "end": "2019-11-08", "week": 45, "rsi": 69.57},
      {"start": "2019-11-11", "end": "2019-11-15", "week": 46, "rsi": 72.63},
      {"start": "2019-11-18", "end": "2019-11-22", "week": 47, "rsi": 72.49},
      {"start": "2019-11-25", "end": "2019-11-29", "week": 48, "rsi": 81.80},
      {"start": "2019-12-02", "end": "2019-12-06", "week": 49, "rsi": 78.36},
      {"start": "2019-12-09", "end": "2019-12-13", "week": 50, "rsi": 76.92},
      {"start": "2019-12-16", "end": "2019-12-20", "week": 51, "rsi": 79.45},
      {"start": "2019-12-23", "end": "2019-12-27", "week": 52, "rsi": 84.87},
      {"start": "2019-12-30", "end": "2020-01-03", "week": 53, "rsi": 96.00}
    ]
  },
  "2020": {
    "description": "2020년 주간 RSI 데이터",
    "weeks": [
      {"start": "2020-01-06", "end": "2020-01-10", "week": 1, "rsi": 96.31},
      {"start": "2020-01-13", "end": "2020-01-17", "week": 2, "rsi": 96.59},
      {"start": "2020-01-21", "end": "2020-01-24", "week": 3, "rsi": 94.64},
      {"start": "2020-01-27", "end": "2020-01-31", "week": 4, "rsi": 84.05},
      {"start": "2020-02-03", "end": "2020-02-07", "week": 5, "rsi": 86.71},
      {"start": "2020-02-10", "end": "2020-02-14", "week": 6, "rsi": 87.63},
      {"start": "2020-02-18", "end": "2020-02-21", "week": 7, "rsi": 79.06},
      {"start": "2020-02-24", "end": "2020-02-28", "week": 8, "rsi": 52.82},
      {"start": "2020-03-02", "end": "2020-03-06", "week": 9, "rsi": 52.10},
      {"start": "2020-03-09", "end": "2020-03-13", "week": 10, "rsi": 42.55},
      {"start": "2020-03-16", "end": "2020-03-20", "week": 11, "rsi": 32.53},
      {"start": "2020-03-23", "end": "2020-03-27", "week": 12, "rsi": 38.47},
      {"start": "2020-03-30", "end": "2020-04-03", "week": 13, "rsi": 36.80},
      {"start": "2020-04-06", "end": "2020-04-09", "week": 14, "rsi": 44.93},
      {"start": "2020-04-13", "end": "2020-04-17", "week": 15, "rsi": 48.89},
      {"start": "2020-04-20", "end": "2020-04-24", "week": 16, "rsi": 46.55},
      {"start": "2020-04-27", "end": "2020-05-01", "week": 17, "rsi": 46.41},
      {"start": "2020-05-04", "end": "2020-05-08", "week": 18, "rsi": 51.97},
      {"start": "2020-05-11", "end": "2020-05-15", "week": 19, "rsi": 47.86},
      {"start": "2020-05-18", "end": "2020-05-22", "week": 20, "rsi": 48.21},
      {"start": "2020-05-26", "end": "2020-05-29", "week": 21, "rsi": 51.11},
      {"start": "2020-06-01", "end": "2020-06-05", "week": 22, "rsi": 64.04},
      {"start": "2020-06-08", "end": "2020-06-12", "week": 23, "rsi": 61.39},
      {"start": "2020-06-15", "end": "2020-06-19", "week": 24, "rsi": 72.58},
      {"start": "2020-06-22", "end": "2020-06-26", "week": 25, "rsi": 85.72},
      {"start": "2020-06-29", "end": "2020-07-02", "week": 26, "rsi": 85.32},
      {"start": "2020-07-06", "end": "2020-07-10", "week": 27, "rsi": 88.55},
      {"start": "2020-07-13", "end": "2020-07-17", "week": 28, "rsi": 81.97},
      {"start": "2020-07-20", "end": "2020-07-24", "week": 29, "rsi": 74.85},
      {"start": "2020-07-27", "end": "2020-07-31", "week": 30, "rsi": 78.92},
      {"start": "2020-08-03", "end": "2020-08-07", "week": 31, "rsi": 81.11},
      {"start": "2020-08-10", "end": "2020-08-14", "week": 32, "rsi": 78.51},
      {"start": "2020-08-17", "end": "2020-08-21", "week": 33, "rsi": 82.17},
      {"start": "2020-08-24", "end": "2020-08-28", "week": 34, "rsi": 82.97},
      {"start": "2020-08-31", "end": "2020-09-04", "week": 35, "rsi": 74.96},
      {"start": "2020-09-08", "end": "2020-09-11", "week": 36, "rsi": 64.32},
      {"start": "2020-09-14", "end": "2020-09-18", "week": 37, "rsi": 64.46},
      {"start": "2020-09-21", "end": "2020-09-25", "week": 38, "rsi": 63.20},
      {"start": "2020-09-28", "end": "2020-10-02", "week": 39, "rsi": 66.67},
      {"start": "2020-10-05", "end": "2020-10-09", "week": 40, "rsi": 66.49},
      {"start": "2020-10-12", "end": "2020-10-16", "week": 41, "rsi": 63.24},
      {"start": "2020-10-19", "end": "2020-10-23", "week": 42, "rsi": 63.78},
      {"start": "2020-10-26", "end": "2020-10-30", "week": 43, "rsi": 56.68},
      {"start": "2020-11-02", "end": "2020-11-06", "week": 44, "rsi": 62.17},
      {"start": "2020-11-09", "end": "2020-11-13", "week": 45, "rsi": 58.36},
      {"start": "2020-11-16", "end": "2020-11-20", "week": 46, "rsi": 57.84},
      {"start": "2020-11-23", "end": "2020-11-27", "week": 47, "rsi": 57.44},
      {"start": "2020-11-30", "end": "2020-12-04", "week": 48, "rsi": 55.85},
      {"start": "2020-12-07", "end": "2020-12-11", "week": 49, "rsi": 58.64},
      {"start": "2020-12-14", "end": "2020-12-18", "week": 50, "rsi": 69.64},
      {"start": "2020-12-21", "end": "2020-12-24", "week": 51, "rsi": 71.84},
      {"start": "2020-12-28", "end": "2020-12-31", "week": 52, "rsi": 71.69}
    ]
  },
  "2021": {
    "description": "2021년 주간 RSI 데이터",
    "weeks": [
      {"start": "2021-01-04", "end": "2021-01-08", "week": 1, "rsi": 0.0},
      {"start": "2021-01-11", "end": "2021-01-15", "week": 2, "rsi": 0.0},
      {"start": "2021-01-19", "end": "2021-01-22", "week": 3, "rsi": 0.0},
      {"start": "2021-01-25", "end": "2021-01-29", "week": 4, "rsi": 0.0},
      {"start": "2021-02-01", "end": "2021-02-05", "week": 5, "rsi": 0.0},
      {"start": "2021-02-08", "end": "2021-02-12", "week": 6, "rsi": 0.0},
      {"start": "2021-02-16", "end": "2021-02-19", "week": 7, "rsi": 0.0},
      {"start": "2021-02-22", "end": "2021-02-26", "week": 8, "rsi": 0.0},
      {"start": "2021-03-01", "end": "2021-03-05", "week": 9, "rsi": 0.0},
      {"start": "2021-03-08", "end": "2021-03-12", "week": 10, "rsi": 0.0},
      {"start": "2021-03-15", "end": "2021-03-19", "week": 11, "rsi": 0.0},
      {"start": "2021-03-22", "end": "2021-03-26", "week": 12, "rsi": 0.0},
      {"start": "2021-03-29", "end": "2021-04-01", "week": 13, "rsi": 0.0},
      {"start": "2021-04-05", "end": "2021-04-09", "week": 14, "rsi": 0.0},
      {"start": "2021-04-12", "end": "2021-04-16", "week": 15, "rsi": 0.0},
      {"start": "2021-04-19", "end": "2021-04-23", "week": 16, "rsi": 0.0},
      {"start": "2021-04-26", "end": "2021-04-30", "week": 17, "rsi": 0.0},
      {"start": "2021-05-03", "end": "2021-05-07", "week": 18, "rsi": 0.0},
      {"start": "2021-05-10", "end": "2021-05-14", "week": 19, "rsi": 0.0},
      {"start": "2021-05-17", "end": "2021-05-21", "week": 20, "rsi": 0.0},
      {"start": "2021-05-24", "end": "2021-05-28", "week": 21, "rsi": 0.0},
      {"start": "2021-06-01", "end": "2021-06-04", "week": 22, "rsi": 0.0},
      {"start": "2021-06-07", "end": "2021-06-11", "week": 23, "rsi": 0.0},
      {"start": "2021-06-14", "end": "2021-06-18", "week": 24, "rsi": 0.0},
      {"start": "2021-06-21", "end": "2021-06-25", "week": 25, "rsi": 0.0},
      {"start": "2021-06-28", "end": "2021-07-02", "week": 26, "rsi": 0.0},
      {"start": "2021-07-06", "end": "2021-07-09", "week": 27, "rsi": 0.0},
      {"start": "2021-07-12", "end": "2021-07-16", "week": 28, "rsi": 0.0},
      {"start": "2021-07-19", "end": "2021-07-23", "week": 29, "rsi": 0.0},
      {"start": "2021-07-26", "end": "2021-07-30", "week": 30, "rsi": 0.0},
      {"start": "2021-08-02", "end": "2021-08-06", "week": 31, "rsi": 0.0},
      {"start": "2021-08-09", "end": "2021-08-13", "week": 32, "rsi": 0.0},
      {"start": "2021-08-16", "end": "2021-08-20", "week": 33, "rsi": 0.0},
      {"start": "2021-08-23", "end": "2021-08-27", "week": 34, "rsi": 0.0},
      {"start": "2021-08-30", "end": "2021-09-03", "week": 35, "rsi": 0.0},
      {"start": "2021-09-07", "end": "2021-09-10", "week": 36, "rsi": 0.0},
      {"start": "2021-09-13", "end": "2021-09-17", "week": 37, "rsi": 0.0},
      {"start": "2021-09-20", "end": "2021-09-24", "week": 38, "rsi": 0.0},
      {"start": "2021-09-27", "end": "2021-10-01", "week": 39, "rsi": 0.0},
      {"start": "2021-10-04", "end": "2021-10-08", "week": 40, "rsi": 0.0},
      {"start": "2021-10-11", "end": "2021-10-15", "week": 41, "rsi": 0.0},
      {"start": "2021-10-18", "end": "2021-10-22", "week": 42, "rsi": 0.0},
      {"start": "2021-10-25", "end": "2021-10-29", "week": 43, "rsi": 0.0},
      {"start": "2021-11-01", "end": "2021-11-05", "week": 44, "rsi": 0.0},
      {"start": "2021-11-08", "end": "2021-11-12", "week": 45, "rsi": 0.0},
      {"start": "2021-11-15", "end": "2021-11-19", "week": 46, "rsi": 0.0},
      {"start": "2021-11-22", "end": "2021-11-26", "week": 47, "rsi": 0.0},
      {"start": "2021-11-29", "end": "2021-12-03", "week": 48, "rsi": 0.0},
      {"start": "2021-12-06", "end": "2021-12-10", "week": 49, "rsi": 0.0},
      {"start": "2021-12-13", "end": "2021-12-17", "week": 50, "rsi": 0.0},
      {"start": "2021-12-20", "end": "2021-12-23", "week": 51, "rsi": 0.0},
      {"start": "2021-12-27", "end": "2021-12-31", "week": 52, "rsi": 0.0}
    ]
  },
  "2022": {
    "description": "2022년 주간 RSI 데이터",
    "weeks": [
      {"start": "2022-01-03", "end": "2022-01-07", "week": 1, "rsi": 57.49},
      {"start": "2022-01-10", "end": "2022-01-14", "week": 2, "rsi": 57.22},
      {"start": "2022-01-18", "end": "2022-01-21", "week": 3, "rsi": 44.29},
      {"start": "2022-01-24", "end": "2022-01-28", "week": 4, "rsi": 42.37},
      {"start": "2022-01-31", "end": "2022-02-04", "week": 5, "rsi": 39.98},
      {"start": "2022-02-07", "end": "2022-02-11", "week": 6, "rsi": 31.42},
      {"start": "2022-02-14", "end": "2022-02-18", "week": 7, "rsi": 31.05},
      {"start": "2022-02-22", "end": "2022-02-25", "week": 8, "rsi": 28.49},
      {"start": "2022-02-28", "end": "2022-03-04", "week": 9, "rsi": 29.43},
      {"start": "2022-03-07", "end": "2022-03-11", "week": 10, "rsi": 28.38},
      {"start": "2022-03-14", "end": "2022-03-18", "week": 11, "rsi": 34.29},
      {"start": "2022-03-21", "end": "2022-03-25", "week": 12, "rsi": 41.05},
      {"start": "2022-03-28", "end": "2022-04-01", "week": 13, "rsi": 36.84},
      {"start": "2022-04-04", "end": "2022-04-08", "week": 14, "rsi": 33.21},
      {"start": "2022-04-11", "end": "2022-04-14", "week": 15, "rsi": 34.97},
      {"start": "2022-04-18", "end": "2022-04-22", "week": 16, "rsi": 31.88},
      {"start": "2022-04-25", "end": "2022-04-29", "week": 17, "rsi": 35.71},
      {"start": "2022-05-02", "end": "2022-05-06", "week": 18, "rsi": 34.63},
      {"start": "2022-05-09", "end": "2022-05-13", "week": 19, "rsi": 29.90},
      {"start": "2022-05-16", "end": "2022-05-20", "week": 20, "rsi": 29.41},
      {"start": "2022-05-23", "end": "2022-05-27", "week": 21, "rsi": 39.66},
      {"start": "2022-05-31", "end": "2022-06-03", "week": 22, "rsi": 37.26},
      {"start": "2022-06-06", "end": "2022-06-10", "week": 23, "rsi": 35.24},
      {"start": "2022-06-13", "end": "2022-06-17", "week": 24, "rsi": 34.98},
      {"start": "2022-06-21", "end": "2022-06-24", "week": 25, "rsi": 32.03},
      {"start": "2022-06-27", "end": "2022-07-01", "week": 26, "rsi": 26.30},
      {"start": "2022-07-05", "end": "2022-07-08", "week": 27, "rsi": 30.85},
      {"start": "2022-07-11", "end": "2022-07-15", "week": 28, "rsi": 32.58},
      {"start": "2022-07-18", "end": "2022-07-22", "week": 29, "rsi": 38.88},
      {"start": "2022-07-25", "end": "2022-07-29", "week": 30, "rsi": 46.97},
      {"start": "2022-08-01", "end": "2022-08-05", "week": 31, "rsi": 52.68},
      {"start": "2022-08-08", "end": "2022-08-12", "week": 32, "rsi": 56.48},
      {"start": "2022-08-15", "end": "2022-08-19", "week": 33, "rsi": 56.41},
      {"start": "2022-08-22", "end": "2022-08-26", "week": 34, "rsi": 55.67},
      {"start": "2022-08-29", "end": "2022-09-02", "week": 35, "rsi": 45.57},
      {"start": "2022-09-06", "end": "2022-09-09", "week": 36, "rsi": 50.27},
      {"start": "2022-09-12", "end": "2022-09-16", "week": 37, "rsi": 50.14},
      {"start": "2022-09-19", "end": "2022-09-23", "week": 38, "rsi": 50.25},
      {"start": "2022-09-26", "end": "2022-09-30", "week": 39, "rsi": 41.16},
      {"start": "2022-10-03", "end": "2022-10-07", "week": 40, "rsi": 45.48},
      {"start": "2022-10-10", "end": "2022-10-14", "week": 41, "rsi": 37.57},
      {"start": "2022-10-17", "end": "2022-10-21", "week": 42, "rsi": 44.53},
      {"start": "2022-10-24", "end": "2022-10-28", "week": 43, "rsi": 42.89},
      {"start": "2022-10-31", "end": "2022-11-04", "week": 44, "rsi": 32.97},
      {"start": "2022-11-07", "end": "2022-11-11", "week": 45, "rsi": 39.83},
      {"start": "2022-11-14", "end": "2022-11-18", "week": 46, "rsi": 35.81},
      {"start": "2022-11-21", "end": "2022-11-25", "week": 47, "rsi": 38.42},
      {"start": "2022-11-28", "end": "2022-12-02", "week": 48, "rsi": 44.88},
      {"start": "2022-12-05", "end": "2022-12-09", "week": 49, "rsi": 45.43},
      {"start": "2022-12-12", "end": "2022-12-16", "week": 50, "rsi": 38.23},
      {"start": "2022-12-19", "end": "2022-12-23", "week": 51, "rsi": 41.46},
      {"start": "2022-12-27", "end": "2022-12-30", "week": 52, "rsi": 46.02}
    ]
  },
  "2023": {
    "description": "2023년 주간 RSI 데이터",
    "weeks": [
      {"start": "2023-01-03", "end": "2023-01-06", "week": 1, "rsi": 50.70},
      {"start": "2023-01-09", "end": "2023-01-13", "week": 2, "rsi": 54.93},
      {"start": "2023-01-17", "end": "2023-01-20", "week": 3, "rsi": 59.64},
      {"start": "2023-01-23", "end": "2023-01-27", "week": 4, "rsi": 59.24},
      {"start": "2023-01-30", "end": "2023-02-03", "week": 5, "rsi": 60.68},
      {"start": "2023-02-06", "end": "2023-02-10", "week": 6, "rsi": 66.40},
      {"start": "2023-02-13", "end": "2023-02-17", "week": 7, "rsi": 57.77},
      {"start": "2023-02-21", "end": "2023-02-24", "week": 8, "rsi": 53.86},
      {"start": "2023-02-27", "end": "2023-03-03", "week": 9, "rsi": 56.59},
      {"start": "2023-03-06", "end": "2023-03-10", "week": 10, "rsi": 48.05},
      {"start": "2023-03-13", "end": "2023-03-17", "week": 11, "rsi": 60.73},
      {"start": "2023-03-20", "end": "2023-03-24", "week": 12, "rsi": 67.21},
      {"start": "2023-03-27", "end": "2023-03-31", "week": 13, "rsi": 74.45},
      {"start": "2023-04-03", "end": "2023-04-06", "week": 14, "rsi": 73.24},
      {"start": "2023-04-10", "end": "2023-04-14", "week": 15, "rsi": 72.75},
      {"start": "2023-04-17", "end": "2023-04-21", "week": 16, "rsi": 67.97},
      {"start": "2023-04-24", "end": "2023-04-28", "week": 17, "rsi": 69.28},
      {"start": "2023-05-01", "end": "2023-05-05", "week": 18, "rsi": 64.77},
      {"start": "2023-05-08", "end": "2023-05-12", "week": 19, "rsi": 61.44},
      {"start": "2023-05-15", "end": "2023-05-19", "week": 20, "rsi": 71.07},
      {"start": "2023-05-22", "end": "2023-05-26", "week": 21, "rsi": 74.15},
      {"start": "2023-05-30", "end": "2023-06-02", "week": 22, "rsi": 83.14},
      {"start": "2023-06-05", "end": "2023-06-09", "week": 23, "rsi": 81.48},
      {"start": "2023-06-12", "end": "2023-06-16", "week": 24, "rsi": 94.42},
      {"start": "2023-06-20", "end": "2023-06-23", "week": 25, "rsi": 86.68},
      {"start": "2023-06-26", "end": "2023-06-30", "week": 26, "rsi": 86.91},
      {"start": "2023-07-03", "end": "2023-07-07", "week": 27, "rsi": 81.28},
      {"start": "2023-07-10", "end": "2023-07-14", "week": 28, "rsi": 87.04},
      {"start": "2023-07-17", "end": "2023-07-21", "week": 29, "rsi": 83.45},
      {"start": "2023-07-24", "end": "2023-07-28", "week": 30, "rsi": 86.67},
      {"start": "2023-07-31", "end": "2023-08-04", "week": 31, "rsi": 75.59},
      {"start": "2023-08-07", "end": "2023-08-11", "week": 32, "rsi": 71.22},
      {"start": "2023-08-14", "end": "2023-08-18", "week": 33, "rsi": 65.31},
      {"start": "2023-08-21", "end": "2023-08-25", "week": 34, "rsi": 63.42},
      {"start": "2023-08-28", "end": "2023-09-01", "week": 35, "rsi": 64.01},
      {"start": "2023-09-05", "end": "2023-09-08", "week": 36, "rsi": 58.71},
      {"start": "2023-09-11", "end": "2023-09-15", "week": 37, "rsi": 57.80},
      {"start": "2023-09-18", "end": "2023-09-22", "week": 38, "rsi": 45.19},
      {"start": "2023-09-25", "end": "2023-09-29", "week": 39, "rsi": 47.84},
      {"start": "2023-10-02", "end": "2023-10-06", "week": 40, "rsi": 47.61},
      {"start": "2023-10-09", "end": "2023-10-13", "week": 41, "rsi": 49.50},
      {"start": "2023-10-16", "end": "2023-10-20", "week": 42, "rsi": 36.96},
      {"start": "2023-10-23", "end": "2023-10-27", "week": 43, "rsi": 34.79},
      {"start": "2023-10-30", "end": "2023-11-03", "week": 44, "rsi": 43.10},
      {"start": "2023-11-06", "end": "2023-11-10", "week": 45, "rsi": 52.80},
      {"start": "2023-11-13", "end": "2023-11-17", "week": 46, "rsi": 58.58},
      {"start": "2023-11-20", "end": "2023-11-24", "week": 47, "rsi": 64.18},
      {"start": "2023-11-27", "end": "2023-12-01", "week": 48, "rsi": 62.32},
      {"start": "2023-12-04", "end": "2023-12-08", "week": 49, "rsi": 57.77},
      {"start": "2023-12-11", "end": "2023-12-15", "week": 50, "rsi": 66.05},
      {"start": "2023-12-18", "end": "2023-12-22", "week": 51, "rsi": 68.18},
      {"start": "2023-12-26", "end": "2023-12-29", "week": 52, "rsi": 78.19}
    ]
  },
  "2024": {
    "description": "2024년 주간 RSI 데이터",
    "weeks": [
      {"start": "2024-01-02", "end": "2024-01-05", "week": 1, "rsi": 68.51},
      {"start": "2024-01-08", "end": "2024-01-12", "week": 2, "rsi": 70.33},
      {"start": "2024-01-16", "end": "2024-01-19", "week": 3, "rsi": 73.03},
      {"start": "2024-01-22", "end": "2024-01-26", "week": 4, "rsi": 80.53},
      {"start": "2024-01-29", "end": "2024-02-02", "week": 5, "rsi": 88.31},
      {"start": "2024-02-05", "end": "2024-02-09", "week": 6, "rsi": 86.54},
      {"start": "2024-02-12", "end": "2024-02-16", "week": 7, "rsi": 78.77},
      {"start": "2024-02-20", "end": "2024-02-23", "week": 8, "rsi": 78.43},
      {"start": "2024-02-26", "end": "2024-03-01", "week": 9, "rsi": 79.65},
      {"start": "2024-03-04", "end": "2024-03-08", "week": 10, "rsi": 74.35},
      {"start": "2024-03-11", "end": "2024-03-15", "week": 11, "rsi": 70.14},
      {"start": "2024-03-18", "end": "2024-03-22", "week": 12, "rsi": 69.94},
      {"start": "2024-03-25", "end": "2024-03-28", "week": 13, "rsi": 67.42},
      {"start": "2024-04-01", "end": "2024-04-05", "week": 14, "rsi": 64.79},
      {"start": "2024-04-08", "end": "2024-04-12", "week": 15, "rsi": 72.07},
      {"start": "2024-04-15", "end": "2024-04-19", "week": 16, "rsi": 52.43},
      {"start": "2024-04-22", "end": "2024-04-26", "week": 17, "rsi": 54.48},
      {"start": "2024-04-29", "end": "2024-05-03", "week": 18, "rsi": 55.23},
      {"start": "2024-05-06", "end": "2024-05-10", "week": 19, "rsi": 55.78},
      {"start": "2024-05-13", "end": "2024-05-17", "week": 20, "rsi": 56.42},
      {"start": "2024-05-20", "end": "2024-05-24", "week": 21, "rsi": 61.99},
      {"start": "2024-05-28", "end": "2024-05-31", "week": 22, "rsi": 56.04},
      {"start": "2024-06-03", "end": "2024-06-07", "week": 23, "rsi": 57.31},
      {"start": "2024-06-10", "end": "2024-06-14", "week": 24, "rsi": 65.65},
      {"start": "2024-06-17", "end": "2024-06-21", "week": 25, "rsi": 68.62},
      {"start": "2024-06-24", "end": "2024-06-28", "week": 26, "rsi": 64.51},
      {"start": "2024-07-01", "end": "2024-07-05", "week": 27, "rsi": 70.45},
      {"start": "2024-07-08", "end": "2024-07-12", "week": 28, "rsi": 71.69},
      {"start": "2024-07-15", "end": "2024-07-19", "week": 29, "rsi": 62.96},
      {"start": "2024-07-22", "end": "2024-07-26", "week": 30, "rsi": 68.40},
      {"start": "2024-07-29", "end": "2024-08-02", "week": 31, "rsi": 56.87},
      {"start": "2024-08-05", "end": "2024-08-09", "week": 32, "rsi": 55.91},
      {"start": "2024-08-12", "end": "2024-08-16", "week": 33, "rsi": 61.42},
      {"start": "2024-08-19", "end": "2024-08-23", "week": 34, "rsi": 60.11},
      {"start": "2024-08-26", "end": "2024-08-30", "week": 35, "rsi": 56.68},
      {"start": "2024-09-03", "end": "2024-09-06", "week": 36, "rsi": 49.36},
      {"start": "2024-09-09", "end": "2024-09-13", "week": 37, "rsi": 53.60},
      {"start": "2024-09-16", "end": "2024-09-20", "week": 38, "rsi": 51.00},
      {"start": "2024-09-23", "end": "2024-09-27", "week": 39, "rsi": 51.98},
      {"start": "2024-09-30", "end": "2024-10-04", "week": 40, "rsi": 52.48},
      {"start": "2024-10-07", "end": "2024-10-11", "week": 41, "rsi": 49.09},
      {"start": "2024-10-14", "end": "2024-10-18", "week": 42, "rsi": 49.89},
      {"start": "2024-10-21", "end": "2024-10-25", "week": 43, "rsi": 57.40},
      {"start": "2024-10-28", "end": "2024-11-01", "week": 44, "rsi": 59.31},
      {"start": "2024-11-04", "end": "2024-11-08", "week": 45, "rsi": 72.74},
      {"start": "2024-11-11", "end": "2024-11-15", "week": 46, "rsi": 64.45},
      {"start": "2024-11-18", "end": "2024-11-22", "week": 47, "rsi": 60.66},
      {"start": "2024-11-25", "end": "2024-11-29", "week": 48, "rsi": 60.38},
      {"start": "2024-12-02", "end": "2024-12-06", "week": 49, "rsi": 66.06},
      {"start": "2024-12-09", "end": "2024-12-13", "week": 50, "rsi": 80.82},
      {"start": "2024-12-16", "end": "2024-12-20", "week": 51, "rsi": 68.36},
      {"start": "2024-12-23", "end": "2024-12-27", "week": 52, "rsi": 67.48},
      {"start": "2024-12-30", "end": "2025-01-03", "week": 53, "rsi": 63.91}
    ]
  },
  "2025": {
    "description": "2025년 주간 RSI 데이터 (최신)",
    "weeks": [
      {"start": "2025-01-06", "end": "2025-01-10", "week": 1, "rsi": 57.93},
      {"start": "2025-01-13", "end": "2025-01-17", "week": 2, "rsi": 60.61},
      {"start": "2025-01-21", "end": "2025-01-24", "week": 3, "rsi": 62.51},
      {"start": "2025-01-27", "end": "2025-01-31", "week": 4, "rsi": 59.17},
      {"start": "2025-02-03", "end": "2025-02-07", "week": 5, "rsi": 62.69},
      {"start": "2025-02-10", "end": "2025-02-14", "week": 6, "rsi": 59.36},
      {"start": "2025-02-18", "end": "2025-02-21", "week": 7, "rsi": 62.01},
      {"start": "2025-02-24", "end": "2025-02-28", "week": 8, "rsi": 50.90},
      {"start": "2025-03-03", "end": "2025-03-07", "week": 9, "rsi": 43.76},
      {"start": "2025-03-10", "end": "2025-03-14", "week": 10, "rsi": 33.20},
      {"start": "2025-03-17", "end": "2025-03-21", "week": 11, "rsi": 31.79},
      {"start": "2025-03-24", "end": "2025-03-28", "week": 12, "rsi": 31.78},
      {"start": "2025-03-31", "end": "2025-04-04", "week": 13, "rsi": 22.07},
      {"start": "2025-04-07", "end": "2025-04-11", "week": 14, "rsi": 34.47},
      {"start": "2025-04-14", "end": "2025-04-17", "week": 15, "rsi": 34.65},
      {"start": "2025-04-21", "end": "2025-04-25", "week": 16, "rsi": 38.79},
      {"start": "2025-04-28", "end": "2025-05-02", "week": 17, "rsi": 41.04},
      {"start": "2025-05-05", "end": "2025-05-09", "week": 18, "rsi": 42.25},
      {"start": "2025-05-12", "end": "2025-05-16", "week": 19, "rsi": 49.72},
      {"start": "2025-05-19", "end": "2025-05-23", "week": 20, "rsi": 44.25},
      {"start": "2025-05-27", "end": "2025-05-30", "week": 21, "rsi": 48.60},
      {"start": "2025-06-02", "end": "2025-06-06", "week": 22, "rsi": 54.49},
      {"start": "2025-06-09", "end": "2025-06-13", "week": 23, "rsi": 57.69},
      {"start": "2025-06-16", "end": "2025-06-20", "week": 24, "rsi": 60.89},
      {"start": "2025-06-23", "end": "2025-06-27", "week": 25, "rsi": 64.21},
      {"start": "2025-06-30", "end": "2025-07-03", "week": 26, "rsi": 68.74},
      {"start": "2025-07-07", "end": "2025-07-11", "week": 27, "rsi": 84.87},
      {"start": "2025-07-14", "end": "2025-07-18", "week": 28, "rsi": 82.59},
      {"start": "2025-07-21", "end": "2025-07-25", "week": 29, "rsi": 88.51},
      {"start": "2025-07-28", "end": "2025-08-01", "week": 30, "rsi": 78.48},
      {"start": "2025-08-04", "end": "2025-08-08", "week": 31, "rsi": 79.12},
      {"start": "2025-08-11", "end": "2025-08-15", "week": 32, "rsi": 79.97},
      {"start": "2025-08-18", "end": "2025-08-22", "week": 33, "rsi": 70.86},
      {"start": "2025-08-25", "end": "2025-08-29", "week": 34, "rsi": 77.74},
      {"start": "2025-09-02", "end": "2025-09-05", "week": 35, "rsi": 76.86},
      {"start": "2025-09-08", "end": "2025-09-12", "week": 36, "rsi": 76.81},
      {"start": "2025-09-15", "end": "2025-09-19", "week": 37, "rsi": 81.32},
      {"start": "2025-09-22", "end": "2025-09-26", "week": 38, "rsi": 79.10},
      {"start": "2025-09-29", "end": "2025-10-03", "week": 39, "rsi": 76.30}
    ]
  },
  "metadata": {
    "last_updated": "2025-10-04",
    "total_years": 4,
    "total_weeks": 255,
    "description": "QQQ 주간 RSI 참조 데이터 (14주 Wilder's RSI)"
  }
}
